time, axial_temperature (degree celsius), surface_temperature (degree celsius)
501.0000,24.9600,60.5500
502.0000,25.0200,60.7100
503.0000,25.1200,60.8800
504.0000,25.1900,60.8500
505.0000,25.2900,60.3200
506.0000,25.3500,60.3200
507.0000,25.4500,60.5800
508.0000,25.5200,60.7800
509.0000,25.6200,60.9800
510.0000,25.6800,60.7500
511.0000,25.7800,60.5100
512.0000,25.8800,60.4800
513.0000,25.9800,60.4800
514.0000,26.0800,60.5100
515.0000,26.1500,60.5100
516.0000,26.0100,59.9800
517.0000,26.4100,60.3800
518.0000,26.5100,60.3800
519.0000,26.6100,60.8500
520.0000,26.6800,60.7800
521.0000,26.8400,60.7500
522.0000,27.0100,60.7500
523.0000,27.1700,60.8100
524.0000,27.3000,60.7500
525.0000,27.5700,60.5800
526.0000,27.6300,60.6500
527.0000,27.7300,60.8500
528.0000,27.9000,59.4900
529.0000,28.0300,56.2100
530.0000,27.9600,53.8500
531.0000,28.0600,23.3300
532.0000,27.9300,5.3100
533.0000,28.1000,3.8100
534.0000,28.1600,1.9300
535.0000,28.2900,3.4800
536.0000,28.5300,3.9800
537.0000,28.7600,4.4400
538.0000,28.8900,4.2800
539.0000,28.9600,4.7100
540.0000,29.1500,5.0400
541.0000,29.3500,4.4400
542.0000,29.4500,4.3100
543.0000,29.6200,3.7800
544.0000,29.7500,3.0500
545.0000,29.8500,2.0900
546.0000,29.9800,1.1000
547.0000,30.1800,0.3700
548.0000,30.3400,0.2700
549.0000,30.5400,0.5000
550.0000,30.6400,0.8600
551.0000,30.8100,0.6700
552.0000,30.9000,0.2700
553.0000,31.0400,0.5000
554.0000,31.2400,0.5300
555.0000,31.3700,1.0000
556.0000,31.5300,0.5000
557.0000,31.7000,0.3300
558.0000,31.8300,0.4000
559.0000,32.0000,0.2400
560.0000,32.1300,0.1700
561.0000,32.2900,0.4300
562.0000,32.4900,0.6300
563.0000,32.5900,0.2700
564.0000,32.6600,0.1000
565.0000,32.8200,0.0700
566.0000,32.9200,0.2400
567.0000,33.1500,-0.1000
568.0000,33.1800,0.0400
569.0000,33.2500,0.1700
570.0000,33.3800,0.5000
571.0000,33.5100,0.6700
572.0000,33.6100,0.2400
573.0000,33.7100,0.3000
574.0000,33.8100,0.2000
575.0000,33.9100,-0.0300
576.0000,33.9800,-0.0300
577.0000,34.1100,-0.1300
578.0000,34.1100,0.0000
579.0000,34.0800,-0.0300
580.0000,34.1800,0.0000
581.0000,34.2400,-0.0600
582.0000,34.2700,0.0400
583.0000,34.3100,0.0000
584.0000,34.4100,0.1700
585.0000,34.4700,-0.2600
586.0000,34.5100,-0.2600
587.0000,34.5100,-0.3000
588.0000,34.5100,-0.1300
589.0000,34.5700,-0.2300
590.0000,34.5400,-0.1600
591.0000,34.5400,-0.1600
592.0000,34.5100,-0.0300
593.0000,34.5700,-0.1000
594.0000,34.5400,-0.1300
595.0000,34.5100,0.0400
596.0000,34.5700,-0.0600
597.0000,34.5700,-0.1000
598.0000,34.5100,-0.2000
599.0000,34.5100,-0.2300
600.0000,34.4400,-0.3000
601.0000,34.3400,-0.2300
602.0000,34.3400,-0.2300
603.0000,34.3100,-0.0600
604.0000,34.2400,-0.2300
605.0000,34.1400,-0.2600
606.0000,34.1400,-0.2600
607.0000,34.0100,0.1400
608.0000,34.0400,-0.1600
609.0000,33.9400,-0.2000
610.0000,33.9100,-0.2300
611.0000,33.8500,-0.2300
612.0000,33.7500,-0.2000
613.0000,33.6800,-0.1600
614.0000,33.4500,-0.1600
615.0000,33.4800,-0.2300
616.0000,33.4500,-0.2000
617.0000,33.3500,-0.3300
618.0000,33.2500,-0.3600
619.0000,33.0500,-0.3900
620.0000,33.0500,-0.3600
621.0000,32.9500,-0.3900
622.0000,32.7900,-0.3300
623.0000,32.7500,-0.3900
624.0000,32.5900,-0.2600
625.0000,32.5200,-0.3600
626.0000,32.3600,-0.3600
627.0000,32.2300,-0.3900
628.0000,32.1600,-0.4300
629.0000,32.0300,-0.3300
630.0000,31.8600,-0.3600
631.0000,31.6600,-0.3000
632.0000,31.6000,-0.2300
633.0000,31.5300,-0.2600
634.0000,31.3700,-0.3300
635.0000,31.2400,-0.3000
636.0000,31.1700,-0.3000
637.0000,31.0000,-0.3300
638.0000,30.8700,-0.1300
639.0000,30.7100,0.3300
640.0000,30.5700,0.6000
641.0000,30.4400,1.0000
642.0000,30.2800,1.4600
643.0000,29.9800,12.9600
644.0000,30.5700,42.4500
645.0000,30.6400,49.3500
646.0000,30.4800,51.4700
647.0000,30.2400,50.6400
648.0000,30.0100,52.3300
649.0000,29.8100,53.9500
650.0000,29.8100,55.5100
651.0000,29.9800,56.3400
652.0000,29.6500,56.7700
653.0000,29.3800,56.3400
654.0000,29.1500,55.8100
655.0000,28.9900,55.1100
656.0000,28.8900,54.7500
657.0000,28.6600,53.8900
658.0000,28.4900,53.9900
659.0000,28.2900,54.7500
660.0000,28.1300,54.5800
661.0000,28.0000,55.1100
662.0000,27.8000,55.8800
663.0000,27.6300,55.5100
664.0000,27.4700,55.0800
665.0000,27.3400,55.3100
666.0000,27.2000,56.1100
667.0000,27.0700,56.6700
668.0000,26.9100,56.9400
669.0000,26.6800,57.0400
670.0000,26.4100,56.1100
671.0000,26.3800,55.7800
672.0000,26.2800,55.7400
673.0000,26.1500,55.8100
674.0000,26.0500,55.9100
675.0000,25.9200,56.0100
676.0000,25.8200,56.1400
677.0000,25.6500,56.0100
678.0000,25.5500,56.1400
679.0000,25.4500,56.2700
680.0000,25.3500,56.3700
681.0000,25.2500,56.5000
682.0000,25.1600,56.6700
683.0000,25.0600,56.8400
684.0000,25.0200,57.0400
685.0000,24.9200,57.3000
686.0000,24.8300,57.3700
687.0000,24.7600,57.0000
688.0000,24.6600,56.9400
689.0000,24.5900,56.7700
690.0000,24.5300,56.6000
691.0000,24.4900,56.7000
692.0000,24.4300,56.7400
693.0000,24.4000,56.7700
694.0000,24.3600,56.8400
695.0000,24.3000,56.8700
696.0000,24.2600,57.1000
697.0000,24.2300,57.1700
698.0000,24.2000,57.1300
699.0000,24.2000,57.1000
700.0000,24.1600,57.1300
701.0000,24.1600,57.2300
702.0000,24.1300,57.3000
703.0000,24.1300,57.3300
704.0000,24.1300,57.3000
705.0000,24.1600,57.2700
706.0000,24.1600,57.3300
707.0000,24.1600,57.5000
708.0000,24.2000,57.6600
709.0000,24.2000,57.7000
710.0000,24.2300,57.5000
711.0000,24.3000,57.5300
712.0000,24.3600,57.7300
713.0000,24.3600,57.5000
714.0000,24.4000,57.5300
715.0000,24.4300,57.5300
716.0000,24.4300,57.2700
717.0000,24.4600,57.2700
718.0000,24.4900,57.3000
719.0000,24.5600,57.3300
720.0000,24.5900,57.2000
721.0000,24.6900,57.3700
722.0000,24.7300,57.5300
723.0000,24.8300,57.7000
724.0000,24.8900,57.7300
725.0000,24.9600,57.6300
726.0000,25.0200,57.5700
727.0000,25.1200,57.7300
728.0000,25.1600,57.9600
729.0000,25.0200,57.9000
730.0000,25.3500,57.5700
731.0000,25.4900,57.9600
732.0000,25.5900,58.2600
733.0000,25.6500,58.3300
734.0000,25.6800,58.5900
735.0000,25.8200,58.5300
736.0000,25.9500,58.8900
737.0000,25.9800,58.0000
738.0000,25.8200,57.2000
739.0000,26.0800,58.4900
740.0000,26.2500,58.2600
741.0000,26.0100,55.6100
742.0000,26.1800,54.2200
743.0000,26.3100,53.0600
744.0000,26.3800,22.1400
745.0000,26.2500,7.3300
746.0000,26.3100,6.1700
747.0000,26.4400,4.4100
748.0000,26.6400,3.4800
749.0000,26.8400,4.5400
750.0000,27.0100,4.2100
751.0000,27.1100,4.4100
752.0000,27.2700,5.1400
753.0000,27.4400,5.4000
754.0000,27.5700,5.0100
755.0000,27.7000,5.1400
756.0000,27.8300,4.8100
757.0000,28.0000,3.8800
758.0000,28.1600,3.4500
759.0000,28.2900,3.6800
760.0000,28.4300,3.2800
761.0000,28.5600,1.8300
762.0000,28.7600,1.9600
763.0000,28.8200,1.0000
764.0000,28.9900,0.7700
765.0000,29.1500,0.3700
766.0000,29.2500,0.5700
767.0000,29.4200,0.9600
768.0000,29.5500,0.6700
769.0000,29.6800,0.7700
770.0000,29.8100,0.7700
771.0000,29.9500,1.2600
772.0000,30.0800,1.6600
773.0000,30.2100,1.8600
774.0000,30.4100,2.0600
775.0000,30.5100,0.7700
776.0000,30.6400,0.8600
777.0000,30.7100,0.1700
778.0000,30.8700,0.7000
779.0000,30.9700,0.8600
780.0000,31.0700,0.8600
781.0000,31.1700,0.2400
782.0000,31.3000,0.1700
783.0000,31.4300,0.3300
784.0000,31.5300,0.6000
785.0000,31.6300,0.7700
786.0000,31.7000,0.4000
787.0000,31.8000,0.1700
788.0000,31.9300,0.2400
789.0000,31.9600,0.2700
790.0000,32.0000,0.2000
791.0000,32.1300,0.0400
792.0000,32.2300,0.0000
793.0000,32.2300,0.0700
794.0000,32.2900,0.1400
795.0000,32.3600,0.1400
796.0000,32.3900,0.2000
797.0000,32.4200,0.3000
798.0000,32.4900,0.4300
799.0000,32.4900,0.2700
800.0000,32.5200,0.2000
801.0000,32.5600,0.3300
802.0000,32.5900,0.1000
803.0000,32.5900,0.2000
804.0000,32.5900,-0.0300
805.0000,32.6600,-0.0300
806.0000,32.6200,-0.0600
807.0000,32.6200,0.1000
808.0000,32.5900,0.1000
809.0000,32.5600,0.1400
810.0000,32.5600,0.2400
811.0000,32.5200,0.2700
812.0000,32.5600,0.1000
813.0000,32.4900,0.0000
814.0000,32.4600,0.1700
815.0000,32.4200,0.1400
816.0000,32.3900,0.1000
817.0000,32.3300,0.2400
818.0000,32.2600,0.1400
819.0000,32.2300,0.0400
820.0000,32.1600,0.0700
821.0000,32.0900,0.0400
822.0000,31.9600,0.0000
823.0000,32.0000,-0.0300
824.0000,31.8300,-0.1600
825.0000,31.7300,-0.0300
826.0000,31.7300,0.0400
827.0000,31.6600,0.1400
828.0000,31.6000,0.2000
829.0000,31.5300,0.2000
830.0000,31.4300,0.2700
831.0000,31.3300,0.2400
832.0000,31.3000,0.1700
833.0000,31.2000,0.2000
834.0000,31.0700,0.1700
835.0000,30.9400,-0.0300
836.0000,30.9000,0.0000
837.0000,30.8400,0.0400
838.0000,30.7100,0.1000
839.0000,30.6100,-0.0600
840.0000,30.4800,-0.1600
841.0000,30.2400,-0.1600
842.0000,30.0500,-0.3300
843.0000,30.0100,-0.1300
844.0000,29.7500,-0.2600
845.0000,29.7200,-0.1600
846.0000,29.7500,0.1700
847.0000,29.6500,0.2400
848.0000,29.4800,0.4000
849.0000,29.4200,0.8600
850.0000,29.2200,1.2000
851.0000,29.2200,13.9500
852.0000,29.6200,44.2100
853.0000,29.5200,47.8200
854.0000,29.3500,49.9400
855.0000,29.4500,52.4300
856.0000,29.2200,52.3600
857.0000,28.9200,52.5300
858.0000,28.7200,51.3700
859.0000,28.4900,50.6400
860.0000,28.3600,50.3400
861.0000,28.2300,50.8000
862.0000,28.0600,51.3000
863.0000,27.9300,51.3000
864.0000,27.7700,52.8300
865.0000,27.5700,52.6300
866.0000,27.4400,52.0000
867.0000,27.3400,52.0600
868.0000,27.1400,52.3600
869.0000,27.0100,52.7900
870.0000,26.8700,53.1900
871.0000,26.7400,53.7500
872.0000,26.5800,54.1200
873.0000,26.4400,53.9200
874.0000,26.2800,53.3600
875.0000,26.1500,53.0300
876.0000,26.0100,52.9300
877.0000,25.8800,53.3900
878.0000,25.7500,53.8500
879.0000,25.6500,54.1900
880.0000,25.5200,54.5800
881.0000,25.3900,54.8800
882.0000,25.2500,54.8100
883.0000,25.1200,54.0200
884.0000,25.0200,54.0900
885.0000,24.9200,54.2200
886.0000,24.7900,54.1500
887.0000,24.6900,54.1900
888.0000,24.5900,54.4500
889.0000,24.4900,54.6800
890.0000,24.4000,54.5200
891.0000,24.3000,54.3500
892.0000,24.2000,54.1500
893.0000,24.1300,53.9200
894.0000,24.0300,53.9500
895.0000,23.9700,54.2800
896.0000,23.9000,54.2800
897.0000,23.8000,54.2200
898.0000,23.7400,54.2200
899.0000,23.6400,54.1500
900.0000,23.5400,54.1900
901.0000,23.4700,54.2200
902.0000,23.4700,54.3800
903.0000,23.4400,54.3800
904.0000,23.4000,54.3500
905.0000,23.3700,54.3200
906.0000,23.3700,54.5800
907.0000,23.3700,54.6200
908.0000,23.3400,54.5800
909.0000,23.3400,54.6800
910.0000,23.3400,54.5800
911.0000,23.3400,54.4800
912.0000,23.3400,54.3200
913.0000,23.3400,54.5200
914.0000,23.3400,54.7200
915.0000,23.3100,54.5800
916.0000,23.3700,54.8100
917.0000,23.4000,54.9100
918.0000,23.4400,54.8500
919.0000,23.4400,54.7500
920.0000,23.4700,54.7500
921.0000,23.5000,54.7500
922.0000,23.5400,54.8100
923.0000,23.5700,54.8500
924.0000,23.6400,54.7800
925.0000,23.7000,54.7200
926.0000,23.7700,54.8500
927.0000,23.8000,54.7500
928.0000,23.8300,54.6800
929.0000,23.9000,54.8100
930.0000,23.8000,54.8500
931.0000,24.0000,55.0800
932.0000,24.0700,55.2800
933.0000,24.1600,55.5400
934.0000,24.2300,55.5100
935.0000,24.3000,55.3500
936.0000,24.4000,55.1500
937.0000,24.4000,55.1500
938.0000,24.5300,55.0500
939.0000,24.6300,54.9800
940.0000,24.7300,54.8800
941.0000,24.7900,54.8100
942.0000,24.8600,54.7800
943.0000,24.8900,54.9800
944.0000,25.1600,54.9800
945.0000,25.2500,54.9800
946.0000,25.2900,54.8800
947.0000,25.2900,54.6500
948.0000,25.1900,54.2800
949.0000,25.3500,54.3800
950.0000,25.5900,54.8500
951.0000,25.9200,55.6800
952.0000,25.5200,52.7600
953.0000,25.6200,51.2700
954.0000,25.7200,49.8800
955.0000,25.8500,49.1100
956.0000,25.9500,26.3800
957.0000,25.8500,3.9100
958.0000,25.8500,5.3100
959.0000,26.0800,4.5400
960.0000,26.1800,2.2200
961.0000,26.4100,3.7100
962.0000,26.6100,5.2400
963.0000,26.7700,5.1400
964.0000,26.8400,5.1400
965.0000,27.0700,4.6800
966.0000,27.1700,2.0600
967.0000,27.2400,0.9300
968.0000,27.4000,0.8600
969.0000,27.5300,1.1000
970.0000,27.7300,1.4900
971.0000,27.9000,1.5900
972.0000,28.0000,1.1000
973.0000,28.1300,0.8000
974.0000,28.2600,1.2300
975.0000,28.4300,1.9300
976.0000,28.7600,1.9900
977.0000,28.6900,0.4000
978.0000,28.9200,0.4000
979.0000,28.9900,0.5000
980.0000,29.1200,0.3700
981.0000,29.2200,0.4300
982.0000,29.3500,0.2700
983.0000,29.4800,0.4300
984.0000,29.6500,0.4000
985.0000,29.7800,0.1700
986.0000,29.8800,0.0700
987.0000,30.0100,0.1400
988.0000,30.1100,0.0700
989.0000,30.2400,0.1000
990.0000,30.3400,0.1700
991.0000,30.4800,0.2000
992.0000,30.5400,0.2700
993.0000,30.6400,0.3000
994.0000,30.6100,-0.1600
995.0000,30.7400,0.1700
996.0000,30.9000,0.1700
997.0000,31.0000,0.3000
998.0000,31.1400,0.5000
999.0000,31.2000,0.5700
1000.0000,31.3000,0.6000
1001.0000,31.3000,0.5700
1002.0000,31.3700,0.4700
1003.0000,31.5000,0.5700
1004.0000,31.5700,0.2000
1005.0000,31.6000,0.3000
1006.0000,31.6600,0.2700
1007.0000,31.6300,-0.0600
1008.0000,31.7000,0.0400
1009.0000,31.7300,0.2400
1010.0000,31.7600,0.1000
1011.0000,31.7600,0.0000
1012.0000,31.7300,-0.3000
1013.0000,31.6600,-0.1600
1014.0000,31.6300,-0.0300
1015.0000,31.7300,0.0400
1016.0000,31.7300,0.0400
1017.0000,31.7600,0.1400
1018.0000,31.8000,0.1700
1019.0000,31.7300,-0.0300
1020.0000,31.7300,-0.1600
1021.0000,31.6600,-0.1000
1022.0000,31.6600,-0.0600
1023.0000,31.6600,-0.1600
1024.0000,31.6600,-0.0300
1025.0000,31.6300,-0.0300
1026.0000,31.6000,0.0000
1027.0000,31.5700,-0.1600
1028.0000,31.5000,-0.1300
1029.0000,31.4300,-0.0300
1030.0000,31.4000,-0.0300
1031.0000,31.3300,0.0000
1032.0000,31.3000,0.0400
1033.0000,31.2400,-0.2300
1034.0000,31.1400,-0.1000
1035.0000,31.0700,-0.2300
1036.0000,31.0000,-0.2300
1037.0000,30.9400,-0.2300
1038.0000,30.8400,-0.2000
1039.0000,30.7700,-0.1300
1040.0000,30.7100,-0.1000
1041.0000,30.6100,-0.1600
1042.0000,30.5400,-0.1600
1043.0000,30.4400,-0.3300
1044.0000,30.3100,-0.2300
1045.0000,30.2400,-0.2600
1046.0000,30.1400,-0.3000
1047.0000,30.0500,-0.2600
1048.0000,29.9500,-0.2600
1049.0000,29.8500,-0.3000
1050.0000,29.7800,-0.2600
1051.0000,29.6500,-0.1000
1052.0000,29.5500,-0.3300
1053.0000,29.4800,-0.2600
1054.0000,29.3500,-0.2300
1055.0000,29.2200,-0.2000
1056.0000,29.0200,-0.2600
1057.0000,28.8600,0.1000
1058.0000,28.7200,0.8600
1059.0000,28.6900,1.2000
1060.0000,28.5900,1.6300
1061.0000,28.5900,4.9400
1062.0000,28.6200,41.5900
1063.0000,29.4200,46.3000
1064.0000,29.2200,48.8200
1065.0000,28.8900,49.2800
1066.0000,28.6600,50.7100
1067.0000,28.3900,51.2700
1068.0000,28.1600,50.8700
1069.0000,28.0000,49.7400
1070.0000,27.8000,49.4100
1071.0000,27.6300,49.6500
1072.0000,27.4700,49.6100
1073.0000,27.3000,49.5100
1074.0000,27.1400,49.6100
1075.0000,27.0100,49.5500
1076.0000,26.8400,49.9100
1077.0000,26.6800,49.9100
1078.0000,26.5400,49.8400
1079.0000,26.3800,50.0800
1080.0000,26.2500,50.6700
1081.0000,26.1100,50.9400
1082.0000,25.9500,50.3400
1083.0000,25.8500,50.2400
1084.0000,25.7200,50.2700
1085.0000,25.5900,50.4100
1086.0000,25.4900,50.7700
1087.0000,25.3500,50.9400
1088.0000,25.2200,50.9400
1089.0000,25.0600,50.7400
1090.0000,24.9600,50.7700
1091.0000,24.8300,50.7100
1092.0000,24.6900,50.8000
1093.0000,24.5600,50.8700
1094.0000,24.4300,51.0400
1095.0000,24.3300,51.2400
1096.0000,24.2000,51.3000
1097.0000,24.1000,51.3700
1098.0000,23.9700,51.3400
1099.0000,23.9000,51.4300
1100.0000,23.8000,51.8000
1101.0000,23.7400,51.9300
1102.0000,23.6000,51.8700
1103.0000,23.5400,51.7700
1104.0000,23.4700,51.8000
1105.0000,23.3700,51.8700
1106.0000,23.2700,52.0600
1107.0000,23.2700,52.3600
1108.0000,23.2100,52.0600
1109.0000,23.1400,51.9600
1110.0000,23.1100,51.9600
1111.0000,23.0100,51.9000
1112.0000,22.9400,51.8700
1113.0000,22.9100,51.9000
1114.0000,22.8800,51.9600
1115.0000,22.8400,52.0000
1116.0000,22.8100,51.8700
1117.0000,22.7400,51.6700
1118.0000,22.7800,51.8000
1119.0000,22.7400,51.7700
1120.0000,22.7100,51.8000
1121.0000,22.7400,52.0000
1122.0000,22.6800,51.9300
1123.0000,22.7800,52.2600
1124.0000,22.7400,52.2300
1125.0000,22.7800,52.3600
1126.0000,22.7100,52.2000
1127.0000,22.8100,52.4600
1128.0000,22.7800,52.3000
1129.0000,22.8100,52.4300
1130.0000,22.8800,52.5000
1131.0000,22.8800,52.3600
1132.0000,22.9100,52.4000
1133.0000,22.9400,52.4600
1134.0000,22.9400,52.3600
1135.0000,22.9800,52.2600
1136.0000,22.9100,51.9600
1137.0000,22.9400,51.9300
1138.0000,23.0100,52.2000
1139.0000,23.1100,52.5000
1140.0000,23.2100,52.7600
1141.0000,23.2100,52.7600
1142.0000,23.3400,52.6600
1143.0000,23.3700,52.7600
1144.0000,23.4700,52.6900
1145.0000,23.5700,52.7300
1146.0000,23.6400,52.6900
1147.0000,23.7000,52.6600
1148.0000,23.8300,52.9600
1149.0000,23.6000,50.7100
1150.0000,23.7000,49.2100
1151.0000,23.7400,47.8200
1152.0000,23.7400,34.8000
1153.0000,23.7000,11.5000
1154.0000,23.7000,11.1000
1155.0000,23.9000,11.2000
1156.0000,24.0000,10.2100
1157.0000,24.1600,10.0100
1158.0000,24.2600,9.4100
1159.0000,24.3600,9.0500
1160.0000,24.4900,8.8800
1161.0000,24.5900,8.1200
1162.0000,24.7300,7.8900
1163.0000,24.8600,6.8300
1164.0000,24.9900,5.7000
1165.0000,25.0900,3.9800
1166.0000,25.1900,3.0200
1167.0000,25.2900,0.6300
1168.0000,25.4200,0.5000
1169.0000,25.5500,0.8000
1170.0000,25.6800,0.3000
1171.0000,25.8200,0.1700
1172.0000,25.9500,0.0700
1173.0000,26.0800,-0.0300
1174.0000,26.1500,0.1700
1175.0000,26.3500,-0.0600
1176.0000,26.4400,-0.1000
1177.0000,26.5800,-0.1300
1178.0000,26.6800,-0.0300
1179.0000,26.7700,-0.0300
1180.0000,26.9100,0.0700
1181.0000,27.0700,-0.0300
1182.0000,27.1100,0.0000
1183.0000,27.2400,0.0700
1184.0000,27.4000,0.0400
1185.0000,27.5300,-0.1300
1186.0000,27.5700,0.2000
1187.0000,27.6700,0.2400
1188.0000,27.8000,0.0000
1189.0000,27.8700,-0.1300
1190.0000,27.9600,-0.1000
1191.0000,28.0600,-0.1300
1192.0000,28.1600,-0.1600
1193.0000,28.2600,-0.1300
1194.0000,28.3600,-0.2000
1195.0000,28.3900,-0.2000
1196.0000,28.4600,-0.2000
1197.0000,28.5300,-0.1000
1198.0000,28.6200,-0.1300
1199.0000,28.5300,0.0700
1200.0000,28.5900,0.0400
1201.0000,28.7900,-0.0300
1202.0000,28.8600,-0.1300
1203.0000,28.8600,-0.1000
1204.0000,28.9600,-0.2300
1205.0000,28.9600,-0.2000
1206.0000,29.0200,-0.3000
1207.0000,28.8600,-0.4900
1208.0000,28.8900,-0.0600
1209.0000,28.9900,-0.0600
1210.0000,28.9900,-0.3300
1211.0000,28.9900,-0.1600
1212.0000,29.0500,-0.1300
1213.0000,29.0200,-0.1300
1214.0000,29.0500,-0.1300
1215.0000,29.0900,-0.1600
1216.0000,29.0500,-0.2000
1217.0000,29.0900,-0.1600
1218.0000,29.0500,-0.1600
1219.0000,29.0200,-0.2000
1220.0000,29.0200,-0.1300
1221.0000,28.9900,-0.2300
1222.0000,28.9600,-0.2300
1223.0000,28.9200,-0.1600
1224.0000,28.8900,-0.2300
1225.0000,28.8900,-0.2600
1226.0000,28.9200,-0.3300
1227.0000,28.6900,-0.3600
1228.0000,28.6600,-0.3000
1229.0000,28.5900,-0.3000
1230.0000,28.5300,-0.2300
1231.0000,28.5300,-0.3000
1232.0000,28.4600,-0.3000
1233.0000,28.3600,-0.3000
1234.0000,28.2900,-0.2600
1235.0000,28.2000,-0.1300
1236.0000,28.1600,-0.2000
1237.0000,28.1000,-0.3000
1238.0000,28.0000,-0.2600
1239.0000,27.9300,-0.2300
1240.0000,27.8300,-0.2600
1241.0000,27.7700,-0.2600
1242.0000,27.6300,-0.2600
1243.0000,27.5700,-0.2600
1244.0000,27.5000,-0.2000
1245.0000,27.2000,-0.1000
1246.0000,27.3000,-0.2000
1247.0000,27.2000,-0.1600
1248.0000,27.1100,-0.2000
1249.0000,26.9700,-0.1600
1250.0000,26.9400,-0.3000
1251.0000,26.8700,-0.3000
1252.0000,26.7400,-0.3600
1253.0000,26.6100,-0.3900
1254.0000,26.6400,-0.3000
1255.0000,26.3800,-0.1600
1256.0000,26.2500,-0.2600
1257.0000,26.2100,-0.2300
1258.0000,26.1500,-0.3000
1259.0000,26.0500,-0.2000
1260.0000,25.8200,0.1400
1261.0000,25.7200,0.6300
1262.0000,25.6500,1.0300
1263.0000,25.5500,1.6300
1264.0000,25.4500,2.0600
1265.0000,25.4200,21.0500
1266.0000,25.6500,42.0200
1267.0000,25.7800,43.8500
1268.0000,25.8200,45.0400
1269.0000,25.6200,45.4000
1270.0000,25.3900,47.1300
1271.0000,25.2200,47.8900
1272.0000,25.0900,48.2200
1273.0000,24.8900,47.4900
1274.0000,24.7900,47.8900
1275.0000,24.6900,48.4900
1276.0000,24.4600,48.8500
1277.0000,24.2600,48.9800
1278.0000,24.0700,48.4500
1279.0000,23.9300,47.8900
1280.0000,23.7700,47.9600
1281.0000,23.6400,48.2900
1282.0000,23.5000,48.7800
1283.0000,23.3400,48.7500
1284.0000,23.1700,48.4200
1285.0000,23.0700,48.4500
1286.0000,22.9800,48.6800
1287.0000,22.8400,48.7800
1288.0000,22.6800,48.6500
1289.0000,22.5800,48.5500
1290.0000,22.4500,48.4500
1291.0000,22.3100,48.4500
1292.0000,22.2200,48.6500
1293.0000,22.0800,48.9200
1294.0000,21.9800,49.1100
1295.0000,21.8800,49.0500
1296.0000,21.7900,49.1100
1297.0000,21.6900,49.5500
1298.0000,21.5500,49.4800
1299.0000,21.4900,49.5100
1300.0000,21.3900,49.4800
1301.0000,21.2900,49.4800
1302.0000,21.1900,49.4100
1303.0000,21.1200,49.5500
1304.0000,21.0600,49.6800
1305.0000,20.9600,49.6800
1306.0000,20.8900,49.8100
1307.0000,20.7900,49.8800
1308.0000,20.7300,49.9100
1309.0000,20.7000,49.8400
1310.0000,20.6000,49.8400
1311.0000,20.5600,50.0100
1312.0000,20.5000,50.0800
1313.0000,20.4600,50.1100
1314.0000,20.4300,50.0400
1315.0000,20.4000,49.9400
1316.0000,20.3600,50.0100
1317.0000,20.3300,50.0800
1318.0000,20.3000,50.1100
1319.0000,20.3000,50.1800
1320.0000,20.2700,50.2400
1321.0000,20.2700,50.2100
1322.0000,20.2300,50.2400
1323.0000,20.2700,50.2100
1324.0000,20.2000,50.1100
1325.0000,20.2300,50.0800
1326.0000,20.2300,50.0400
1327.0000,20.2700,50.2100
1328.0000,20.2700,50.2700
1329.0000,20.2700,50.2700
1330.0000,20.3000,50.3400
1331.0000,20.3300,50.3100
1332.0000,20.3600,50.2400
1333.0000,20.3600,50.1400
1334.0000,20.4000,50.2100
1335.0000,20.4600,50.2100
1336.0000,20.5000,50.1400
1337.0000,20.5600,50.1400
1338.0000,20.6000,50.0400
1339.0000,20.6600,50.1100
1340.0000,20.7000,50.1100
1341.0000,20.7600,50.0800
1342.0000,20.8300,50.1400
1343.0000,20.8900,50.1100
1344.0000,20.9600,50.0800
1345.0000,21.0300,50.1100
1346.0000,21.0600,50.0400
1347.0000,21.1600,50.1100
1348.0000,21.1600,50.3100
1349.0000,21.2600,50.4100
1350.0000,21.3900,50.2400
1351.0000,21.4600,50.2100
1352.0000,21.5200,50.3100
1353.0000,21.6200,50.4100
1354.0000,21.6900,50.4400
1355.0000,21.7900,50.5400
1356.0000,21.8800,50.6700
1357.0000,21.9500,50.6700
1358.0000,22.1200,50.8400
1359.0000,22.4500,51.1700
1360.0000,22.4800,51.2000
1361.0000,22.3800,50.4100
1362.0000,21.7900,47.5600
1363.0000,22.1800,47.0600
1364.0000,22.2800,45.7700
1365.0000,22.4100,25.7900
1366.0000,22.3100,8.0600
1367.0000,22.3100,2.9900
1368.0000,22.4100,3.0900
1369.0000,22.5500,1.8900
1370.0000,22.7400,2.4200
1371.0000,22.8800,1.5900
1372.0000,23.0400,1.7300
1373.0000,23.1700,1.2600
1374.0000,23.2700,1.3300
1375.0000,23.4000,1.0300
1376.0000,23.4700,1.0300
1377.0000,23.7700,1.8300
1378.0000,23.9300,1.9900
1379.0000,24.0700,2.0600
1380.0000,24.1000,2.1200
1381.0000,24.2300,2.5900
1382.0000,24.4300,2.7900
1383.0000,24.5600,2.9900
1384.0000,24.6900,3.1500
1385.0000,24.8900,2.5900
1386.0000,24.9600,1.9900
1387.0000,25.0900,2.1600
1388.0000,25.2500,2.2600
1389.0000,25.3500,2.4200
1390.0000,25.4900,2.4900
1391.0000,25.6200,2.5500
1392.0000,25.7200,2.7900
1393.0000,25.8200,2.4200
1394.0000,25.9200,2.2600
1395.0000,26.0500,1.6900
1396.0000,26.1800,1.5900
1397.0000,26.2800,1.9300
1398.0000,26.3800,2.3200
1399.0000,26.5100,2.4200
1400.0000,26.9700,2.4200
1401.0000,26.7400,1.2300
1402.0000,26.5400,1.3000
1403.0000,26.7700,1.9600
1404.0000,26.9100,1.6600
1405.0000,27.0100,1.3600
1406.0000,27.1400,1.2600
1407.0000,27.2000,1.0600
1408.0000,27.3000,0.8600
1409.0000,27.4000,0.9600
1410.0000,27.4700,0.7700
1411.0000,27.5000,0.7300
1412.0000,27.5700,0.7000
1413.0000,27.6300,0.6300
1414.0000,27.7300,0.5000
1415.0000,27.7700,-0.0600
1416.0000,27.8000,-0.1000
1417.0000,27.8000,-0.1300
1418.0000,27.8300,-0.1000
1419.0000,27.8700,-0.2300
1420.0000,27.8700,-0.2300
1421.0000,27.9300,-0.2300
1422.0000,27.9000,-0.2600
1423.0000,27.9000,-0.2600
1424.0000,27.9000,-0.3000
1425.0000,27.9300,-0.3600
1426.0000,27.9600,-0.2600
1427.0000,27.9600,-0.2000
1428.0000,27.9300,-0.0600
1429.0000,27.9000,-0.1300
1430.0000,27.9600,-0.0300
1431.0000,27.9600,-0.1600
1432.0000,27.9300,-0.0300
1433.0000,27.8300,-0.0600
1434.0000,27.9000,0.1400
1435.0000,27.9000,0.0000
1436.0000,27.8300,-0.1600
1437.0000,27.8000,-0.1000
1438.0000,27.8000,-0.2000
1439.0000,27.7300,-0.2600
1440.0000,27.6700,-0.2600
1441.0000,27.6300,-0.3000
1442.0000,27.6000,-0.3000
1443.0000,27.5300,-0.3000
1444.0000,27.4700,-0.3300
1445.0000,27.3700,-0.3300
1446.0000,27.3400,-0.2600
1447.0000,27.3000,-0.1600
1448.0000,27.1700,-0.2300
1449.0000,27.1400,-0.1300
1450.0000,27.1700,-0.0600
1451.0000,27.0700,-0.3000
1452.0000,26.8700,-0.4300
1453.0000,26.7400,-0.3000
1454.0000,26.7400,-0.2300
1455.0000,26.6800,-0.2000
1456.0000,26.6100,-0.2000
1457.0000,26.5400,-0.2600
1458.0000,26.4400,-0.2600
1459.0000,26.3800,-0.1300
1460.0000,26.2800,-0.1600
1461.0000,26.2100,-0.2300
1462.0000,26.1100,-0.2600
1463.0000,26.0100,-0.2600
1464.0000,25.9200,-0.2300
1465.0000,25.7800,-0.2600
1466.0000,25.7200,-0.1300
1467.0000,25.6500,-0.0600
1468.0000,25.4900,0.3300
1469.0000,25.4200,0.7000
1470.0000,25.3500,1.0000
1471.0000,25.2200,1.2000
1472.0000,25.0900,1.4900
1473.0000,25.0600,2.6200
1474.0000,25.1600,32.2500
1475.0000,25.5900,42.5900
1476.0000,25.5200,42.9800
1477.0000,25.2900,43.9800
1478.0000,25.0200,44.1400
1479.0000,24.8600,42.7900
1480.0000,24.6900,42.3200
1481.0000,24.5600,43.3500
1482.0000,24.4300,43.8100
1483.0000,24.2600,44.2400
1484.0000,24.1000,44.9100
1485.0000,24.0000,44.9400
1486.0000,23.8300,45.0700
1487.0000,23.7000,45.5000
1488.0000,23.5700,45.9300
1489.0000,23.4400,46.4300
1490.0000,23.3100,46.8900
1491.0000,23.1700,46.6300
1492.0000,23.0400,46.4000
1493.0000,22.9400,46.2000
1494.0000,22.8100,46.1300
1495.0000,22.6800,46.3000
1496.0000,22.5500,46.4000
1497.0000,22.4100,46.4300
1498.0000,22.3100,46.5300
1499.0000,22.1800,46.5600
1500.0000,22.0800,46.8300
1501.0000,21.9800,47.0600
1502.0000,21.8200,46.9300
1503.0000,21.7200,46.9900
1504.0000,21.6200,47.1300
1505.0000,21.4900,47.1900
1506.0000,21.4200,47.3600
1507.0000,21.3200,47.2900
1508.0000,21.2200,47.3300
1509.0000,21.1600,47.4900
1510.0000,21.0300,47.4200
1511.0000,20.9300,47.6600
1512.0000,20.8300,47.8900
1513.0000,20.7600,48.0500
1514.0000,20.7300,48.1200
1515.0000,20.6300,47.9900
1516.0000,20.6000,47.9200
1517.0000,20.5000,47.6600
1518.0000,20.4300,47.3900
1519.0000,20.3600,47.6200
1520.0000,20.3300,47.9900
1521.0000,20.2700,48.1900
1522.0000,20.2700,48.4900
1523.0000,20.1700,48.6200
1524.0000,20.1300,48.7200
1525.0000,20.1300,48.6500
1526.0000,20.0700,48.3200
1527.0000,20.0700,48.3200
1528.0000,20.0300,48.2900
1529.0000,20.0300,48.3200
1530.0000,20.0000,48.3500
1531.0000,20.0000,48.2900
1532.0000,20.0000,48.2900
1533.0000,20.0000,48.2500
1534.0000,20.0000,48.3500
1535.0000,20.0300,48.3500
1536.0000,20.0000,48.3500
1537.0000,20.1000,48.4900
1538.0000,20.0300,48.4900
1539.0000,20.1000,48.6800
1540.0000,20.1000,48.7800
1541.0000,20.1000,48.8200
1542.0000,19.9700,49.3100
1543.0000,20.1300,48.9200
1544.0000,20.2000,48.8800
1545.0000,20.2300,48.9200
1546.0000,20.2700,48.6500
1547.0000,20.3000,48.6500
1548.0000,20.3600,48.5500
1549.0000,20.4000,48.4200
1550.0000,20.4600,48.4200
1551.0000,20.5300,48.3900
1552.0000,20.6000,48.3900
1553.0000,20.6600,48.4900
1554.0000,20.7000,48.4200
1555.0000,20.7600,48.5500
1556.0000,20.8300,48.4500
1557.0000,20.8600,48.4500
1558.0000,20.9600,48.5200
1559.0000,21.0300,48.4200
1560.0000,21.1200,48.4500
1561.0000,21.1900,48.6500
1562.0000,21.2600,48.4200
1563.0000,21.3600,48.3200
1564.0000,21.2200,49.0200
1565.0000,21.5500,48.7800
1566.0000,21.6900,49.0800
1567.0000,21.8200,49.1800
1568.0000,21.8800,49.4100
1569.0000,21.9500,49.2500
1570.0000,21.9500,48.5800
1571.0000,21.9500,46.8300
1572.0000,21.9200,45.0400
1573.0000,21.9800,43.0200
1574.0000,21.9500,10.4700
1575.0000,21.9500,7.0300
1576.0000,21.9500,4.9700
1577.0000,22.1200,4.1800
1578.0000,22.3500,1.0000
1579.0000,22.3500,2.2200
1580.0000,22.3800,2.1600
1581.0000,22.5500,2.1200
1582.0000,22.6100,1.1600
1583.0000,22.7800,0.7000
1584.0000,22.8800,0.6000
1585.0000,23.0100,0.4700
1586.0000,23.1700,0.5000
1587.0000,23.3100,0.6300
1588.0000,23.4400,0.4700
1589.0000,23.5700,0.5000
1590.0000,23.7000,0.4700
1591.0000,23.7400,0.0400
1592.0000,23.7400,0.1700
1593.0000,23.9700,0.5300
1594.0000,24.1300,0.6300
1595.0000,24.2300,0.2700
1596.0000,24.4000,0.3000
1597.0000,24.5300,0.1700
1598.0000,24.6300,-0.0300
1599.0000,24.7600,0.1000
1600.0000,24.8900,0.2000
1601.0000,25.0200,0.0700
1602.0000,25.1600,0.0700
1603.0000,25.2900,0.1400
1604.0000,25.3200,0.0400
1605.0000,25.3500,0.2000
1606.0000,25.2900,-0.3600
1607.0000,25.5200,0.6000
1608.0000,25.7200,0.6700
1609.0000,25.8200,0.0700
1610.0000,25.9200,0.0000
1611.0000,25.8500,0.0000
1612.0000,25.8800,0.3300
1613.0000,26.1800,0.1400
1614.0000,26.2800,0.0400
1615.0000,26.3500,0.2700
1616.0000,26.4800,0.3700
1617.0000,26.5400,0.5700
1618.0000,26.6100,0.5000
1619.0000,26.6400,0.5000
1620.0000,26.6800,0.3700
1621.0000,26.7400,0.1400
1622.0000,26.7700,0.1400
1623.0000,26.8400,0.0700
1624.0000,26.9100,0.1000
1625.0000,26.9400,0.1700
1626.0000,27.0100,-0.0600
1627.0000,27.0100,0.0700
1628.0000,27.0100,-0.0600
1629.0000,27.0400,-0.1000
1630.0000,27.0400,0.0400
1631.0000,27.0700,0.0700
1632.0000,27.0700,-0.1600
1633.0000,27.0700,-0.1600
1634.0000,27.0700,-0.2000
1635.0000,27.0400,-0.0600
1636.0000,27.0400,0.0700
1637.0000,27.0100,0.0400
1638.0000,27.0100,0.0400
1639.0000,26.9700,0.1000
1640.0000,26.9700,0.1000
1641.0000,26.9400,0.0400
1642.0000,26.9100,-0.2000
1643.0000,26.8700,-0.1300
1644.0000,26.8400,-0.1600
1645.0000,26.8100,-0.1000
1646.0000,26.6800,-0.1600
1647.0000,26.6800,-0.0300
1648.0000,26.6800,0.1000
1649.0000,26.6400,0.1000
1650.0000,26.6100,0.1400
1651.0000,26.5800,-0.3300
1652.0000,26.4800,-0.2300
1653.0000,26.3800,-0.2000
1654.0000,26.2800,-0.1300
1655.0000,26.3100,-0.2600
1656.0000,26.1800,-0.2600
1657.0000,26.1100,-0.2600
1658.0000,26.0500,-0.2300
1659.0000,25.9500,-0.2000
1660.0000,25.8200,-0.2300
1661.0000,25.9200,0.2400
1662.0000,25.8200,-0.1600
1663.0000,25.7200,-0.1300
1664.0000,25.6800,0.0400
1665.0000,25.6200,0.0700
1666.0000,25.6800,0.4000
1667.0000,25.4900,-0.0300
1668.0000,25.3500,0.0700
1669.0000,25.2900,0.0700
1670.0000,25.1600,0.1400
1671.0000,25.1600,0.2700
1672.0000,24.9600,0.1000
1673.0000,24.7600,0.0400
1674.0000,24.7300,0.2400
1675.0000,24.5300,0.5700
1676.0000,24.4600,0.9600
1677.0000,24.4000,1.3000
1678.0000,24.1600,1.4600
1679.0000,23.9000,12.5000
1680.0000,24.8300,32.7400
1681.0000,24.9200,37.4500
1682.0000,24.7300,40.1700
1683.0000,24.4900,40.0700
1684.0000,24.2600,42.5200
1685.0000,24.1000,41.0600
1686.0000,23.9700,40.3300
1687.0000,23.8000,40.6600
1688.0000,23.6400,41.0600
1689.0000,23.5000,41.2600
1690.0000,23.4000,41.6900
1691.0000,23.2700,42.0600
1692.0000,23.1400,42.4900
1693.0000,23.0100,42.9500
1694.0000,22.8800,43.1500
1695.0000,22.7400,43.3800
1696.0000,22.6100,43.5500
1697.0000,22.4800,43.5100
1698.0000,22.3800,43.6800
1699.0000,22.2200,43.7500
1700.0000,22.0800,43.9500
1701.0000,21.7900,44.1400
1702.0000,21.8500,43.9500
1703.0000,21.7200,44.0400
1704.0000,21.6200,44.1400
1705.0000,21.4900,44.2800
1706.0000,21.3900,44.5400
1707.0000,21.2900,44.5400
1708.0000,21.1600,44.6400
1709.0000,21.0600,44.7400
1710.0000,20.9600,44.6700
1711.0000,20.8600,44.8100
1712.0000,20.7600,44.8700
1713.0000,20.6600,44.8700
1714.0000,20.6000,45.1100
1715.0000,20.4600,45.1700
1716.0000,20.3600,45.2700
1717.0000,20.3000,45.4400
1718.0000,20.2000,45.4400
1719.0000,20.1300,45.5700
1720.0000,20.0700,45.6400
1721.0000,19.9700,45.6000
1722.0000,19.9400,45.7700
1723.0000,19.8400,45.8000
1724.0000,19.7700,45.8000
1725.0000,19.7000,45.7700
1726.0000,19.6400,45.6000
1727.0000,19.6000,45.6400
1728.0000,19.5700,45.6700
1729.0000,19.5100,45.6400
1730.0000,19.4700,45.8000
1731.0000,19.4400,45.8000
1732.0000,19.4100,45.9000
1733.0000,19.4100,46.0300
1734.0000,19.3400,46.0300
1735.0000,19.3400,46.1700
1736.0000,19.3100,46.2000
1737.0000,19.2700,46.1700
1738.0000,19.3100,46.2300
1739.0000,19.2700,46.1700
1740.0000,19.2700,46.2000
1741.0000,19.3100,46.3600
1742.0000,19.2700,46.4300
1743.0000,19.3100,46.7600
1744.0000,19.3100,46.5600
1745.0000,19.3400,46.5300
1746.0000,19.3400,46.1000
1747.0000,19.3700,46.3600
1748.0000,19.4100,46.4300
1749.0000,19.4100,46.4000
1750.0000,19.4100,46.5000
1751.0000,19.4700,46.5300
1752.0000,19.5400,46.4300
1753.0000,19.6000,46.5000
1754.0000,19.6400,46.3000
1755.0000,19.7000,46.3600
1756.0000,19.7400,46.3600
1757.0000,19.8000,46.5000
1758.0000,19.8400,46.4600
1759.0000,19.9000,46.6000
1760.0000,19.9700,46.6600
1761.0000,20.0000,46.6000
1762.0000,20.1000,46.7300
1763.0000,20.1700,46.7300
1764.0000,20.2300,46.7600
1765.0000,20.3300,46.8900
1766.0000,20.3600,46.7300
1767.0000,20.4600,46.8300
1768.0000,20.5300,46.7600
1769.0000,20.6000,46.6000
1770.0000,20.7000,46.8000
1771.0000,20.7600,46.7300
1772.0000,20.8600,46.8000
1773.0000,20.9900,46.9600
1774.0000,21.0900,46.9900
1775.0000,21.2200,47.4600
1776.0000,21.3200,47.3300
1777.0000,21.3600,47.4600
1778.0000,21.4600,47.6600
1779.0000,21.5200,47.4600
1780.0000,21.6500,47.5200
1781.0000,21.5900,45.2400
1782.0000,21.4600,43.6500
1783.0000,21.5200,43.2800
1784.0000,21.6500,27.9100
1785.0000,21.4200,7.0300
1786.0000,21.5200,4.8400
1787.0000,21.6500,4.9700
1788.0000,21.7900,4.8700
1789.0000,21.9200,5.2100
1790.0000,22.0500,5.3400
1791.0000,22.1800,4.5400
1792.0000,22.3100,4.8100
1793.0000,22.3500,4.7400
1794.0000,22.1500,3.7500
1795.0000,22.5800,4.1100
1796.0000,22.7400,3.8800
1797.0000,22.9100,3.7100
1798.0000,23.0400,3.3200
1799.0000,23.0700,3.0500
1800.0000,23.2700,2.7900
1801.0000,23.4000,2.7500
1802.0000,23.5000,2.4600
1803.0000,23.6400,2.1200
1804.0000,23.7700,1.7300
1805.0000,23.9000,1.3900
1806.0000,24.0300,1.4300
1807.0000,24.1600,1.2300
1808.0000,24.2600,1.1600
1809.0000,24.3600,1.0600
1810.0000,24.4900,1.1600
1811.0000,24.6300,1.0600
1812.0000,24.6900,0.6300
1813.0000,24.7900,0.5300
1814.0000,24.9200,0.3700
1815.0000,25.0200,0.4300
1816.0000,25.1600,0.4700
1817.0000,25.2500,0.2700
1818.0000,25.3200,0.3700
1819.0000,25.4500,0.4700
1820.0000,25.5200,0.5000
1821.0000,25.6200,0.3700
1822.0000,25.6800,0.2700
1823.0000,25.7500,0.2400
1824.0000,25.8500,0.0400
1825.0000,25.9200,0.1000
1826.0000,25.9800,0.1000
1827.0000,26.0100,-0.0600
1828.0000,26.1500,0.1400
1829.0000,26.2100,0.2700
1830.0000,26.2500,0.0400
1831.0000,26.3100,-0.0600
1832.0000,26.3500,-0.0600
1833.0000,26.4100,0.2000
1834.0000,26.4800,0.0700
1835.0000,26.7100,0.3300
1836.0000,26.5100,-0.0300
1837.0000,26.6100,0.0000
1838.0000,26.5800,-0.1000
1839.0000,26.6100,-0.0300
1840.0000,26.6100,-0.0600
1841.0000,26.6400,-0.0300
1842.0000,26.6400,-0.1600
1843.0000,26.4100,-0.5300
1844.0000,26.4800,0.1000
1845.0000,26.6100,0.2000
1846.0000,26.5800,0.2400
1847.0000,26.6100,0.2000
1848.0000,26.6100,0.1000
1849.0000,26.5800,-0.1000
1850.0000,26.5800,0.2400
1851.0000,26.5400,0.3700
1852.0000,26.5400,0.2700
1853.0000,26.5100,-0.1000
1854.0000,26.5100,-0.0300
1855.0000,26.4800,0.0000
1856.0000,26.4100,0.1700
1857.0000,26.4100,0.2000
1858.0000,26.3500,0.1700
1859.0000,26.2100,-0.0600
1860.0000,26.0800,0.4000
1861.0000,26.1800,0.3000
1862.0000,26.1800,0.2400
1863.0000,26.1800,0.2700
1864.0000,26.0500,-0.0300
1865.0000,25.9500,0.0700
1866.0000,25.8800,-0.0300
1867.0000,25.7200,-0.2300
1868.0000,25.7200,-0.1000
1869.0000,25.9500,0.5300
1870.0000,25.6800,-0.1600
1871.0000,25.5900,-0.1600
1872.0000,25.4900,-0.0300
1873.0000,25.4200,0.0400
1874.0000,25.3200,0.0400
1875.0000,25.1900,0.0700
1876.0000,25.1200,0.1000
1877.0000,25.0600,0.0400
1878.0000,24.9900,0.0400
1879.0000,24.9200,0.0400
1880.0000,24.8300,0.0000
1881.0000,24.7300,0.0400
1882.0000,24.6600,0.1700
1883.0000,24.3600,0.5300
1884.0000,24.5300,0.5300
1885.0000,24.4300,0.3000
1886.0000,24.2600,0.4700
1887.0000,24.1300,0.7300
1888.0000,24.0300,1.1000
1889.0000,23.9000,1.5900
1890.0000,23.6000,13.2600
1891.0000,24.3600,33.6700
1892.0000,24.4600,37.7200
1893.0000,24.2000,39.9400
1894.0000,23.9700,39.5000
1895.0000,23.8000,38.9700
1896.0000,23.6400,38.8700
1897.0000,23.4400,38.9400
1898.0000,23.3400,39.7700
1899.0000,23.2100,40.8300
1900.0000,23.0700,41.4300
1901.0000,22.9100,41.2900
1902.0000,22.8100,41.6600
1903.0000,22.6800,41.8200
1904.0000,22.5500,42.0600
1905.0000,22.4100,42.1600
1906.0000,22.3100,42.5900
1907.0000,22.1500,42.6200
1908.0000,22.0500,42.7200
1909.0000,21.9200,42.7900
1910.0000,21.8200,42.8800
1911.0000,21.6900,42.9500
1912.0000,21.5900,43.0500
1913.0000,21.4900,43.3200
1914.0000,21.3600,43.1500
1915.0000,21.2600,43.2500
1916.0000,21.1600,43.1800
1917.0000,21.0600,43.2200
1918.0000,20.9300,43.1800
1919.0000,20.8300,43.2500
1920.0000,20.7300,43.3200
1921.0000,20.6300,43.4500
1922.0000,20.5000,43.2500
1923.0000,20.4300,43.5500
1924.0000,20.3300,43.7500
1925.0000,20.2300,43.9500
1926.0000,20.1300,43.6800
1927.0000,20.0300,43.8100
1928.0000,19.9700,43.9100
1929.0000,19.9000,44.1800
1930.0000,19.7700,44.1400
1931.0000,19.7400,44.4400
1932.0000,19.6700,44.6100
1933.0000,19.5700,45.0100
1934.0000,19.5100,45.1100
1935.0000,19.4700,45.4000
1936.0000,19.4100,45.3000
1937.0000,19.3400,44.7400
1938.0000,19.3100,44.9100
1939.0000,19.2400,45.0400
1940.0000,19.2100,45.2400
1941.0000,19.1800,45.1700
1942.0000,19.1400,45.4400
1943.0000,18.9400,45.3000
1944.0000,19.0400,44.8100
1945.0000,19.0400,44.5400
1946.0000,19.0400,44.5100
1947.0000,19.0100,44.4400
1948.0000,18.9800,44.4400
1949.0000,19.0100,44.3800
1950.0000,19.0100,44.4100
1951.0000,19.0100,44.4800
1952.0000,19.0100,44.5400
1953.0000,19.0100,44.5700
1954.0000,19.0100,44.7400
1955.0000,19.0400,44.7700
1956.0000,19.0400,44.8100
1957.0000,19.0400,44.9100
1958.0000,19.1100,45.4400
1959.0000,19.1100,45.1700
1960.0000,19.1400,44.9400
1961.0000,19.1400,44.6400
1962.0000,19.2100,44.9100
1963.0000,19.2400,44.7100
1964.0000,19.2700,44.7700
1965.0000,19.3100,44.6700
1966.0000,19.3700,45.0100
1967.0000,19.4100,44.9700
1968.0000,19.3700,45.1400
1969.0000,19.5100,44.9100
1970.0000,19.6000,45.1700
1971.0000,19.6400,45.1100
1972.0000,19.7000,45.2400
1973.0000,19.7400,45.1100
1974.0000,19.8400,45.3000
1975.0000,19.8700,45.1400
1976.0000,19.9400,45.1100
1977.0000,20.0000,44.9100
1978.0000,20.1000,45.1400
1979.0000,20.1700,44.9400
1980.0000,20.2300,44.9400
1981.0000,20.3000,44.7700
1982.0000,20.5600,45.1700
1983.0000,20.4600,45.2700
1984.0000,20.6600,45.5700
1985.0000,20.7900,45.8000
1986.0000,20.8300,45.4700
1987.0000,20.8900,45.3400
1988.0000,20.9600,45.2000
1989.0000,21.0600,45.5000
1990.0000,20.7600,43.1500
1991.0000,20.6600,42.9800
1992.0000,20.8900,42.2900
1993.0000,20.9600,38.2800
1994.0000,20.9600,4.7800
1995.0000,20.9300,5.9000
1996.0000,20.9900,6.4700
1997.0000,20.9900,4.7100
1998.0000,21.1200,4.2100
1999.0000,21.2200,3.4200
2000.0000,21.2600,2.7900
2001.0000,21.3600,2.4600
2002.0000,21.5200,2.2200
2003.0000,21.6900,1.8300
2004.0000,21.8800,1.0000
2005.0000,22.0500,0.7700
2006.0000,22.1500,1.0000
2007.0000,22.2800,0.9300
2008.0000,22.4100,0.7700
2009.0000,22.5500,0.4700
2010.0000,22.6400,0.5300
2011.0000,22.7800,0.5300
2012.0000,22.9100,0.3000
2013.0000,23.0100,0.5700
2014.0000,23.1400,0.5300
2015.0000,23.2700,0.3300
2016.0000,23.3700,0.4000
2017.0000,23.4700,0.2700
2018.0000,23.5700,0.3000
2019.0000,23.7000,0.1700
2020.0000,23.8000,0.1700
2021.0000,23.9000,0.2400
2022.0000,24.0000,0.2000
2023.0000,24.1000,0.2000
2024.0000,24.2000,0.2400
2025.0000,24.3300,0.2400
2026.0000,24.2600,0.0000
2027.0000,24.7900,1.3900
2028.0000,24.9900,0.2400
2029.0000,24.6900,0.0000
2030.0000,24.7600,0.3300
2031.0000,24.9600,0.2400
2032.0000,24.8900,0.0400
2033.0000,24.9200,0.2700
2034.0000,25.0600,0.2000
2035.0000,25.0200,-0.1300
2036.0000,25.0900,0.2000
2037.0000,25.0900,-0.1300
2038.0000,25.3200,0.1700
2039.0000,25.4200,0.0000
2040.0000,25.4200,-0.0300
2041.0000,25.4500,0.0000
2042.0000,25.4900,-0.0300
2043.0000,25.4200,-0.1000
2044.0000,25.4900,0.4000
2045.0000,25.6500,0.3300
2046.0000,25.6500,0.1000
2047.0000,25.6500,0.0000
2048.0000,25.7200,-0.1600
2049.0000,25.7200,-0.1600
2050.0000,25.6800,0.0400
2051.0000,25.7200,-0.0600
2052.0000,25.7500,-0.1000
2053.0000,25.7800,0.0400
2054.0000,25.7200,0.2700
2055.0000,25.8200,0.2400
2056.0000,25.8200,0.1000
2057.0000,25.7800,-0.0600
2058.0000,25.7800,-0.1300
2059.0000,25.7500,-0.0300
2060.0000,25.7200,-0.0600
2061.0000,25.6800,-0.1000
2062.0000,25.7200,-0.0300
2063.0000,25.6800,-0.0600
2064.0000,25.6200,-0.1000
2065.0000,25.5500,-0.0600
2066.0000,25.5200,0.0400
2067.0000,25.3900,0.1000
2068.0000,25.4200,0.0700
2069.0000,25.5900,0.1700
2070.0000,25.4900,-0.0600
2071.0000,25.1200,-0.5600
2072.0000,25.1600,-0.1600
2073.0000,25.1200,-0.1600
2074.0000,25.0900,-0.1600
2075.0000,25.0200,-0.0600
2076.0000,24.9200,-0.1300
2077.0000,24.8600,-0.1000
2078.0000,24.8300,-0.1000
2079.0000,24.7600,0.0000
2080.0000,24.6900,-0.1600
2081.0000,24.6300,-0.2000
2082.0000,24.5300,-0.2300
2083.0000,24.4300,-0.2600
2084.0000,24.4000,-0.1300
2085.0000,24.2600,-0.1300
2086.0000,24.1600,-0.1300
2087.0000,24.1000,-0.0600
2088.0000,24.0000,-0.1000
2089.0000,23.9000,-0.1000
2090.0000,23.8000,-0.2000
2091.0000,23.7700,-0.1000
2092.0000,23.6700,-0.1300
2093.0000,23.5400,-0.1300
2094.0000,23.4700,-0.0300
2095.0000,23.3400,0.3000
2096.0000,23.2700,0.6300
2097.0000,23.2400,1.4300
2098.0000,23.4000,17.1400
2099.0000,23.5400,33.5400
2100.0000,23.5000,37.3200
2101.0000,23.3400,37.6800
2102.0000,23.2400,38.1100
2103.0000,23.1100,39.8000
2104.0000,23.0100,41.1600
2105.0000,22.9100,41.0300
2106.0000,22.7800,41.5900
2107.0000,22.6100,41.7900
2108.0000,22.4100,41.7900
2109.0000,22.2800,42.2600
2110.0000,22.1200,42.0900
2111.0000,21.9800,42.0900
2112.0000,21.8200,41.8600
2113.0000,21.7500,41.6900
2114.0000,21.6500,41.5600
2115.0000,21.5200,41.8900
2116.0000,21.4200,42.0600
2117.0000,21.2900,42.2900
2118.0000,21.1600,42.0900
2119.0000,21.0600,42.0600
2120.0000,20.9600,41.9900
2121.0000,20.8300,41.7200
2122.0000,20.7300,42.1200
2123.0000,20.6300,42.0600
2124.0000,20.5300,42.1900
2125.0000,20.4300,42.5200
2126.0000,20.3000,42.2200
2127.0000,20.2000,42.3500
2128.0000,20.1000,42.3200
2129.0000,20.0000,42.5500
2130.0000,19.9000,42.3200
2131.0000,19.8000,42.6200
2132.0000,19.7400,42.8500
2133.0000,19.6400,42.9800
2134.0000,19.5400,43.5100
2135.0000,19.4700,43.3800
2136.0000,19.3700,43.2200
2137.0000,19.3100,43.0800
2138.0000,19.2100,42.7500
2139.0000,19.1400,42.6200
2140.0000,19.0800,42.5500
2141.0000,18.8500,42.8500
2142.0000,18.9100,42.6900
2143.0000,18.8800,42.8500
2144.0000,18.8500,43.0200
2145.0000,18.7500,42.8800
2146.0000,18.7100,42.7900
2147.0000,18.6800,42.7900
2148.0000,18.6500,42.9500
2149.0000,18.6100,43.1800
2150.0000,18.5800,42.8800
2151.0000,18.5500,43.1200
2152.0000,18.5100,43.2200
2153.0000,18.5100,43.0800
2154.0000,18.4800,43.4800
2155.0000,18.4800,43.3800
2156.0000,18.4800,43.3800
2157.0000,18.4500,43.2500
2158.0000,18.4200,43.6500
2159.0000,18.4800,43.4800
2160.0000,18.4800,43.6100
2161.0000,18.4800,43.9800
2162.0000,18.4800,43.3800
2163.0000,18.4800,43.5500
2164.0000,18.5100,43.6800
2165.0000,18.5100,43.5100
2166.0000,18.5500,43.7500
2167.0000,18.8500,43.6800
2168.0000,18.4500,43.3800
2169.0000,18.4200,43.5800
2170.0000,18.6800,43.4500
2171.0000,18.7100,43.5500
2172.0000,18.7100,43.5500
2173.0000,18.7500,43.5100
2174.0000,18.8500,43.9500
2175.0000,18.8800,43.8500
2176.0000,18.9400,43.9500
2177.0000,18.7800,44.3100
2178.0000,19.0100,43.6800
2179.0000,19.0800,43.6800
2180.0000,19.1400,43.6100
2181.0000,19.1800,43.4500
2182.0000,19.2400,43.7500
2183.0000,19.3400,43.5800
2184.0000,19.3700,43.5800
2185.0000,19.3100,43.9100
2186.0000,19.5400,43.4500
2187.0000,19.4400,43.6800
2188.0000,19.6700,43.5100
2189.0000,19.7700,43.3500
2190.0000,19.8400,43.6500
2191.0000,19.9700,44.0100
2192.0000,19.9400,44.5400
2193.0000,20.2000,44.5700
2194.0000,20.2300,44.0800
2195.0000,20.3000,44.3800
2196.0000,20.3600,44.2800
2197.0000,20.4000,44.0400
2198.0000,20.5000,44.2800
2199.0000,20.3000,42.3900
2200.0000,20.3300,42.2600
2201.0000,20.5000,41.3600
2202.0000,20.5600,40.7300
2203.0000,20.6600,26.1500
2204.0000,20.6000,6.1300
2205.0000,20.6300,5.3400
2206.0000,20.7000,2.6500
2207.0000,20.8300,3.5500
2208.0000,20.9600,4.4100
2209.0000,21.2900,5.6400
2210.0000,21.3600,4.1100
2211.0000,21.1900,4.4800
2212.0000,21.3900,3.6200
2213.0000,21.5200,3.8500
2214.0000,21.5900,3.6200
2215.0000,21.7200,3.2800
2216.0000,21.8200,2.8500
2217.0000,21.9200,2.4600
2218.0000,21.9800,2.2200
2219.0000,22.0800,1.9900
2220.0000,22.2500,1.1600
2221.0000,22.3800,1.3000
2222.0000,22.4800,0.4700
2223.0000,22.5100,0.4000
2224.0000,22.6400,1.0000
2225.0000,22.7800,0.7000
2226.0000,22.9100,0.9600
2227.0000,23.0100,0.8600
2228.0000,23.1700,0.9000
2229.0000,23.2700,0.7300
2230.0000,23.3100,0.2000
2231.0000,23.4000,0.5000
2232.0000,23.5000,0.3700
2233.0000,23.6400,0.1000
2234.0000,23.7400,0.1400
2235.0000,23.8300,-0.0600
2236.0000,23.9000,-0.0300
2237.0000,23.9300,0.2700
2238.0000,24.0300,0.4000
2239.0000,24.1600,0.6700
2240.0000,24.3000,0.2700
2241.0000,24.2300,0.1700
2242.0000,24.3600,0.2400
2243.0000,24.4300,0.2700
2244.0000,24.4900,0.2400
2245.0000,24.5900,0.1700
2246.0000,24.6600,0.0700
2247.0000,24.6900,0.1700
2248.0000,24.7600,0.0000
2249.0000,24.7900,0.1700
2250.0000,24.8900,0.0000
2251.0000,24.9200,0.0400
2252.0000,24.9600,0.1000
2253.0000,24.9900,0.2000
2254.0000,25.0200,0.2000
2255.0000,25.0200,0.0700
2256.0000,25.0600,0.1400
2257.0000,24.9900,0.2700
2258.0000,25.0900,0.1400
2259.0000,25.0900,0.0000
2260.0000,25.1600,0.0000
2261.0000,25.1600,-0.0600
2262.0000,25.1600,-0.1000
2263.0000,25.1600,0.0000
2264.0000,25.1200,0.0700
2265.0000,25.1200,0.1700
2266.0000,25.1600,0.0000
2267.0000,25.1900,-0.2300
2268.0000,25.1600,-0.2300
2269.0000,25.0600,-0.1300
2270.0000,25.0900,-0.2300
2271.0000,25.0600,-0.2300
2272.0000,24.9900,-0.1000
2273.0000,24.9600,-0.3000
2274.0000,24.8900,-0.2600
2275.0000,24.8600,-0.2000
2276.0000,24.8900,-0.1600
2277.0000,24.9900,-0.0300
2278.0000,24.7900,-0.3000
2279.0000,24.6900,-0.3000
2280.0000,24.6600,-0.1600
2281.0000,24.5900,-0.0300
2282.0000,24.5900,-0.1600
2283.0000,24.4600,-0.2000
2284.0000,24.4300,-0.1300
2285.0000,24.3300,-0.2000
2286.0000,24.3000,-0.2300
2287.0000,24.2300,-0.2000
2288.0000,24.1600,-0.2300
2289.0000,24.1000,-0.2000
2290.0000,24.0300,-0.2600
2291.0000,23.9700,-0.3000
2292.0000,23.8700,-0.2300
2293.0000,23.7700,-0.2600
2294.0000,23.6400,-0.2000
2295.0000,23.7000,-0.0300
2296.0000,23.4700,-0.1000
2297.0000,23.4000,-0.3300
2298.0000,23.2400,-0.1600
2299.0000,23.2100,-0.1600
2300.0000,23.1400,-0.2000
2301.0000,23.0700,-0.2300
2302.0000,23.0100,-0.2300
2303.0000,22.7800,-0.1000
2304.0000,22.7800,-0.1600
2305.0000,22.6800,-0.1600
2306.0000,22.5800,-0.1600
2307.0000,22.4800,-0.1300
2308.0000,22.3500,0.3700
2309.0000,22.2500,0.7000
2310.0000,22.1500,0.9300
2311.0000,22.0800,1.5600
2312.0000,22.1500,21.3400
2313.0000,22.5100,34.9600
2314.0000,22.5100,36.7200
2315.0000,22.3500,39.3100
2316.0000,22.1800,39.7700
2317.0000,22.0200,39.2700
2318.0000,21.8200,39.0700
2319.0000,21.6900,38.4100
2320.0000,21.6200,40.9300
2321.0000,21.5500,40.6600
2322.0000,21.3900,41.0000
2323.0000,21.2600,41.0600
2324.0000,21.1200,40.8300
2325.0000,21.0300,40.7600
2326.0000,20.9300,42.3200
2327.0000,20.8300,42.2600
2328.0000,20.6600,41.8600
2329.0000,20.5300,41.6600
2330.0000,20.4000,42.1900
2331.0000,20.2700,41.9200
2332.0000,20.1300,41.8900
2333.0000,20.0700,42.0200
2334.0000,19.9000,41.4900
2335.0000,19.7000,41.2300
2336.0000,19.6700,41.1600
2337.0000,19.5400,41.1900
2338.0000,19.4400,41.7200
2339.0000,19.2700,41.9600
2340.0000,19.2400,41.9200
2341.0000,19.1100,41.5300
2342.0000,19.0100,41.4600
2343.0000,18.9100,41.2600
2344.0000,18.8100,41.2900
2345.0000,18.7100,41.5600
2346.0000,18.6500,41.5600
2347.0000,18.5100,41.8600
2348.0000,18.4500,41.9600
2349.0000,18.3500,41.7600
2350.0000,18.2800,41.5300
2351.0000,18.2200,41.2600
2352.0000,18.1500,41.2900
2353.0000,18.0900,41.3300
2354.0000,18.0200,41.0600
2355.0000,17.9500,41.1600
2356.0000,17.8900,41.1600
2357.0000,17.8200,41.0600
2358.0000,17.7500,41.2900
2359.0000,17.7200,41.2600
2360.0000,17.6900,41.3900
2361.0000,17.6600,41.3600
2362.0000,17.5900,41.5600
2363.0000,17.5900,41.4600
2364.0000,17.5200,41.4900
2365.0000,17.5200,41.5300
2366.0000,17.4900,41.2300
2367.0000,17.4600,41.4300
2368.0000,17.4600,41.4900
2369.0000,17.4600,41.4300
2370.0000,17.4600,41.5600
2371.0000,17.4600,41.4600
2372.0000,17.4200,41.4900
2373.0000,17.4200,41.5300
2374.0000,17.4600,41.3600
2375.0000,17.4600,41.5600
2376.0000,17.4600,41.6600
2377.0000,17.3900,41.9600
2378.0000,17.4600,41.6900
2379.0000,17.5200,41.7600
2380.0000,17.5600,41.7900
2381.0000,17.5600,41.7200
2382.0000,17.6200,41.9900
2383.0000,17.5900,41.8600
2384.0000,17.7200,41.8900
2385.0000,17.6600,41.7900
2386.0000,17.7200,41.9600
2387.0000,17.7500,41.8600
2388.0000,17.7900,41.9200
2389.0000,17.8200,41.8200
2390.0000,17.8200,41.9200
2391.0000,17.9900,41.9200
2392.0000,17.9900,41.8900
2393.0000,18.0500,41.9600
2394.0000,18.1200,41.8200
2395.0000,18.1800,41.8900
2396.0000,18.2200,41.8900
2397.0000,18.2800,41.9900
2398.0000,18.3500,41.8900
2399.0000,18.4200,41.9600
2400.0000,18.4800,41.9900
2401.0000,18.5800,42.0900
2402.0000,18.6500,41.9600
2403.0000,18.6800,41.9900
2404.0000,18.8100,41.9900
2405.0000,19.0400,42.2600
2406.0000,19.1100,42.7500
2407.0000,19.1800,42.7500
2408.0000,19.2100,42.7900
2409.0000,19.3100,42.8200
2410.0000,19.3700,42.7500
2411.0000,19.4700,42.7500
2412.0000,19.5400,42.8500
2413.0000,19.8000,43.3500
2414.0000,19.6700,40.4700
2415.0000,19.6000,39.8400
2416.0000,19.6400,22.9000
2417.0000,19.6000,8.2200
2418.0000,19.7400,10.1800
2419.0000,20.0000,6.6300
2420.0000,19.8700,2.5900
2421.0000,19.9000,2.7900
2422.0000,19.9700,2.4200
2423.0000,20.0300,0.9600
2424.0000,20.2300,1.7600
2425.0000,20.3300,1.7900
2426.0000,20.4300,1.8300
2427.0000,20.5600,2.2900
2428.0000,20.6600,2.1200
2429.0000,20.7600,1.8900
2430.0000,20.8900,1.8300
2431.0000,20.5000,1.0300
2432.0000,20.8300,1.7900
2433.0000,20.9600,1.3900
2434.0000,21.0900,1.4900
2435.0000,21.1600,0.8600
2436.0000,21.3900,1.2600
2437.0000,21.4900,1.2000
2438.0000,21.6200,1.3900
2439.0000,21.7500,1.1000
2440.0000,21.8500,0.8300
2441.0000,21.9500,0.9000
2442.0000,22.0800,0.9600
2443.0000,22.1800,0.7300
2444.0000,22.2800,0.1000
2445.0000,22.4100,0.2400
2446.0000,22.5500,0.3000
2447.0000,22.6400,0.0700
2448.0000,22.7100,0.2700
2449.0000,22.8100,0.3300
2450.0000,22.8800,0.2000
2451.0000,22.9800,0.3300
2452.0000,23.0700,0.3000
2453.0000,23.1100,0.2700
2454.0000,23.2100,0.3700
2455.0000,23.3400,0.7300
2456.0000,23.7400,1.2000
2457.0000,22.7100,-0.4900
2458.0000,23.1400,-0.0600
2459.0000,23.0100,0.5000
2460.0000,23.2400,0.0400
2461.0000,23.3400,0.6700
2462.0000,23.4000,0.2400
2463.0000,23.6700,0.4300
2464.0000,23.7000,0.3300
2465.0000,23.7700,0.4000
2466.0000,23.8000,0.3300
2467.0000,23.8700,0.3300
2468.0000,23.9000,0.2400
2469.0000,23.9700,0.3700
2470.0000,23.9700,0.3300
2471.0000,23.9700,0.3000
2472.0000,24.0300,0.3300
2473.0000,24.0300,0.3000
2474.0000,24.0300,0.2700
2475.0000,24.0000,0.5700
2476.0000,24.1000,0.4700
2477.0000,24.0700,0.3700
2478.0000,24.0300,0.4000
2479.0000,24.0300,0.4300
2480.0000,24.0300,0.4300
2481.0000,24.0000,0.3700
2482.0000,23.9700,0.0700
2483.0000,23.9700,0.1700
2484.0000,23.9300,0.2400
2485.0000,23.9000,0.1400
2486.0000,23.9000,0.3000
2487.0000,23.8700,0.4300
2488.0000,23.8000,0.3000
2489.0000,23.7700,0.1000
2490.0000,23.7400,0.0000
2491.0000,23.7000,-0.0600
2492.0000,23.6400,0.0000
2493.0000,23.5700,0.1700
2494.0000,23.5400,0.1400
2495.0000,23.5000,0.1400
2496.0000,23.4000,-0.1300
2497.0000,23.3400,0.0000
2498.0000,23.3100,-0.0300
2499.0000,23.2400,0.0400
2500.0000,23.1700,0.0000
2501.0000,23.1400,0.1700
2502.0000,23.0700,0.1000
2503.0000,23.0100,0.1000
2504.0000,22.9100,-0.0600
2505.0000,22.8100,-0.0300
2506.0000,22.7400,-0.0600
2507.0000,22.7100,0.0400
2508.0000,22.6100,-0.1000
2509.0000,22.5100,-0.1000
2510.0000,22.4500,-0.0300
2511.0000,22.3100,-0.0600
2512.0000,22.2200,-0.0600
2513.0000,23.1700,1.2600
2514.0000,22.6100,0.1400
2515.0000,22.3500,-0.1000
2516.0000,22.2500,0.0700
2517.0000,22.1200,0.1400
2518.0000,21.9200,0.1700
2519.0000,21.8800,0.3300
2520.0000,21.6900,0.1400
2521.0000,21.5200,0.4300
2522.0000,21.4600,0.8300
2523.0000,21.2900,1.2300
2524.0000,21.2200,20.0900
2525.0000,21.5500,33.6400
2526.0000,21.5200,36.1200
2527.0000,21.4200,37.5800
2528.0000,21.3200,39.6700
2529.0000,21.2600,38.0100
2530.0000,21.0600,38.6400
2531.0000,20.9300,38.1100
2532.0000,20.8900,37.3800
2533.0000,20.7300,36.5200
2534.0000,20.5600,36.3200
2535.0000,20.4600,36.5600
2536.0000,20.3600,36.8900
2537.0000,20.2000,37.2800
2538.0000,20.1000,37.7500
2539.0000,20.0000,38.1800
2540.0000,19.9000,38.3800
2541.0000,19.7700,38.2500
2542.0000,19.6400,38.1500
2543.0000,19.5400,37.9800
2544.0000,19.4400,38.0500
2545.0000,19.3400,38.1500
2546.0000,19.2400,38.1800
2547.0000,19.1100,38.3100
2548.0000,19.0100,38.3400
2549.0000,18.9100,38.4400
2550.0000,18.7800,38.5100
2551.0000,18.7100,38.6100
2552.0000,18.6100,38.6400
2553.0000,18.4800,38.6800
2554.0000,18.3800,38.7800
2555.0000,18.3200,38.8700
2556.0000,18.2200,39.0100
2557.0000,18.1200,39.1400
2558.0000,18.0500,39.2400
2559.0000,17.9500,39.3400
2560.0000,17.8500,39.4100
2561.0000,17.7900,39.4700
2562.0000,17.6900,39.5400
2563.0000,17.6600,39.5700
2564.0000,17.5600,39.6000
2565.0000,17.4900,39.7000
2566.0000,17.4600,39.8000
2567.0000,17.3900,39.8400
2568.0000,17.3300,39.9400
2569.0000,17.2900,39.9700
2570.0000,17.2300,40.0000
2571.0000,17.1900,40.0300
2572.0000,17.1300,40.1000
2573.0000,17.0900,40.1300
2574.0000,17.0600,40.1700
2575.0000,17.0600,40.2000
2576.0000,17.0300,40.2300
2577.0000,16.9900,40.3000
2578.0000,16.9900,40.3300
2579.0000,16.9600,40.3700
2580.0000,16.9600,40.4300
2581.0000,16.9600,40.4700
2582.0000,16.9300,40.5000
2583.0000,16.9300,40.5700
2584.0000,16.9300,40.6000
2585.0000,16.9300,40.6300
2586.0000,16.9300,40.6600
2587.0000,16.9300,40.6600
2588.0000,16.9300,40.6600
2589.0000,16.9300,40.6600
2590.0000,16.9000,40.7000
2591.0000,16.9600,40.7000
2592.0000,16.9900,40.7000
2593.0000,17.0300,40.7300
2594.0000,17.0600,40.7300
2595.0000,17.0600,40.7600
2596.0000,17.0900,40.7600
2597.0000,17.1600,40.7300
2598.0000,17.1600,40.7300
2599.0000,17.2300,40.7000
2600.0000,17.2600,40.7000
2601.0000,17.2900,40.7000
2602.0000,17.3600,40.7300
2603.0000,17.3900,40.7000
2604.0000,17.4200,40.7300
2605.0000,17.4900,40.7300
2606.0000,17.5600,40.7600
2607.0000,17.5200,40.8000
2608.0000,17.6200,40.8000
2609.0000,17.7200,40.8300
2610.0000,17.7900,40.8600
2611.0000,17.8500,40.9000
2612.0000,17.8900,40.9300
2613.0000,17.9900,40.9000
2614.0000,18.0500,40.9000
2615.0000,18.1200,40.9000
2616.0000,18.2200,40.9300
2617.0000,18.2500,40.8600
2618.0000,18.3200,40.9600
2619.0000,18.4800,41.3900
2620.0000,18.5500,41.6600
2621.0000,18.6100,41.9200
2622.0000,18.6800,41.7900
2623.0000,18.7800,41.7200
2624.0000,18.8100,41.5900
2625.0000,18.9100,41.6600
2626.0000,19.0100,41.5900
2627.0000,19.0400,41.4900
2628.0000,19.0400,41.1300
2629.0000,18.9800,39.5700
2630.0000,19.0800,39.1700
2631.0000,19.1400,38.3800
2632.0000,19.2400,26.2200
2633.0000,19.1800,8.7800
2634.0000,19.1400,6.6000
2635.0000,19.2400,6.3300
2636.0000,19.4100,5.7000
2637.0000,19.5400,6.0700
2638.0000,19.6700,6.2300
2639.0000,19.8000,6.3700
2640.0000,19.9700,6.6000
2641.0000,20.0700,6.7000
2642.0000,20.2000,6.9000
2643.0000,20.3000,7.0900
2644.0000,20.4300,7.2900
2645.0000,20.5300,7.4600
2646.0000,20.6300,7.4600
2647.0000,20.7300,7.3600
2648.0000,20.7600,7.3600
2649.0000,20.8300,7.1600
2650.0000,20.8900,4.6100
2651.0000,20.9900,1.5600
2652.0000,21.0900,0.7000
2653.0000,21.2200,0.8600
2654.0000,21.2900,0.9000
2655.0000,21.4200,1.3300
2656.0000,22.4500,3.4800
2657.0000,21.8500,0.3000
2658.0000,21.8200,0.5300
2659.0000,21.9500,0.9600
2660.0000,22.2800,1.5300
2661.0000,22.2200,0.6700
2662.0000,22.2500,0.8300
2663.0000,22.3500,0.7700
2664.0000,22.4100,0.7700
2665.0000,22.5100,0.8600
2666.0000,22.5800,0.5700
2667.0000,22.6400,0.7300
2668.0000,22.7400,0.9600
2669.0000,22.8400,0.9300
2670.0000,22.9100,0.8300
2671.0000,22.9800,1.0000
2672.0000,23.0400,1.0600
2673.0000,23.1100,1.1000
2674.0000,23.2100,1.1300
2675.0000,23.2700,1.1300
2676.0000,23.3400,1.2000
2677.0000,23.3700,1.0300
2678.0000,23.4700,1.0300
2679.0000,23.4700,0.6000
2680.0000,23.5000,0.4300
2681.0000,23.5400,0.5300
2682.0000,23.5700,0.4000
2683.0000,23.6400,0.3700
2684.0000,23.7000,0.3700
2685.0000,23.7000,0.4000
2686.0000,23.7000,0.5000
2687.0000,23.7700,0.6300
2688.0000,23.7700,0.6300
2689.0000,23.7700,0.7700
2690.0000,23.8000,0.8600
2691.0000,23.8300,0.8300
2692.0000,23.8300,0.8000
2693.0000,23.7700,0.7700
2694.0000,23.7400,0.4700
2695.0000,23.8300,0.7000
2696.0000,23.8000,0.6000
2697.0000,23.8000,0.7300
2698.0000,23.8000,0.8000
2699.0000,23.7700,0.7700
2700.0000,23.7400,0.7300
2701.0000,23.7400,0.7700
2702.0000,23.7000,0.8000
2703.0000,23.7000,0.7000
2704.0000,23.6400,0.3700
2705.0000,23.6000,0.3700
2706.0000,23.4700,0.3700
2707.0000,23.4400,0.4700
2708.0000,23.4000,0.2700
2709.0000,23.4400,0.5300
2710.0000,23.1400,-1.2900
2711.0000,22.6400,2.6500
2712.0000,24.5300,1.0300
2713.0000,23.0100,-0.6900
2714.0000,23.0700,0.4700
2715.0000,23.1400,0.1700
2716.0000,23.0100,0.2000
2717.0000,22.9800,0.4300
2718.0000,22.9400,0.3000
2719.0000,22.9400,0.1400
2720.0000,22.8400,0.2000
2721.0000,22.7400,0.1400
2722.0000,22.6800,0.0700
2723.0000,22.6100,0.2400
2724.0000,22.5800,0.2700
2725.0000,22.1800,0.4000
2726.0000,22.3800,0.1000
2727.0000,22.4100,0.2400
2728.0000,22.1200,0.0400
2729.0000,22.0800,0.1400
2730.0000,21.9500,0.3700
2731.0000,21.9800,0.2700
2732.0000,21.9500,0.4700
2733.0000,21.8200,0.3000
2734.0000,21.7200,0.3300
2735.0000,21.6200,0.7700
2736.0000,21.5500,1.1300
2737.0000,21.4900,1.4900
2738.0000,21.3600,1.7900
2739.0000,21.2900,5.9300
2740.0000,21.3600,29.9900
2741.0000,21.7200,30.6600
2742.0000,21.9800,31.5200
2743.0000,21.8200,32.2800
2744.0000,21.6900,33.6100
2745.0000,21.4900,33.9000
2746.0000,21.3200,34.9600
2747.0000,21.1600,34.9000
2748.0000,21.0300,35.9600
2749.0000,20.8900,35.7900
2750.0000,20.7300,35.1000
2751.0000,20.6000,35.3300
2752.0000,20.5000,35.6900
2753.0000,20.3600,36.0300
2754.0000,20.3300,37.5800
2755.0000,20.2300,38.0800
2756.0000,20.1000,38.4800
2757.0000,19.9700,38.5400
2758.0000,19.8700,38.3100
2759.0000,19.7400,38.1500
2760.0000,19.6000,38.0500
2761.0000,19.5100,38.3100
2762.0000,19.4100,38.7400
2763.0000,19.3100,38.7100
2764.0000,19.1800,38.4100
2765.0000,19.0800,38.2500
2766.0000,18.9800,38.1800
2767.0000,18.8800,38.2100
2768.0000,18.7800,38.3100
2769.0000,18.6800,38.4400
2770.0000,18.6100,38.5400
2771.0000,18.5100,38.6100
2772.0000,18.4200,38.6400
2773.0000,18.3200,38.6400
2774.0000,18.2200,38.6400
2775.0000,18.1500,38.6100
2776.0000,18.0900,38.5800
2777.0000,17.9900,38.6400
2778.0000,17.9200,38.8400
2779.0000,17.8200,39.0400
2780.0000,17.7900,39.2100
2781.0000,17.7200,39.3100
2782.0000,17.6200,39.4100
2783.0000,17.5900,39.5700
2784.0000,17.5200,39.6700
2785.0000,17.4900,39.7400
2786.0000,17.4600,39.7700
2787.0000,17.3900,39.7700
2788.0000,17.3600,39.8000
2789.0000,17.3300,39.8000
2790.0000,17.2900,39.8700
2791.0000,17.2600,39.8400
2792.0000,17.2300,39.5000
2793.0000,17.1900,39.4700
2794.0000,17.1900,39.5400
2795.0000,17.1600,39.5700
2796.0000,17.1600,39.5700
2797.0000,17.1300,39.6000
2798.0000,17.1300,39.6000
2799.0000,17.1300,39.6700
2800.0000,17.1300,39.7700
2801.0000,17.1300,39.9400
2802.0000,17.1600,40.1000
2803.0000,17.1300,40.1700
2804.0000,17.1600,40.0300
2805.0000,17.1600,39.8400
2806.0000,17.1600,39.7400
2807.0000,17.1900,39.6000
2808.0000,17.1900,39.5400
2809.0000,17.2300,39.5400
2810.0000,17.2600,39.6400
2811.0000,17.2600,39.7000
2812.0000,17.2900,39.8000
2813.0000,17.3300,39.8700
2814.0000,17.3600,39.8700
2815.0000,17.3900,39.8400
2816.0000,17.4200,39.7000
2817.0000,17.4900,39.6400
2818.0000,17.5600,39.6000
2819.0000,17.5900,39.5700
2820.0000,17.6200,39.5700
2821.0000,17.6900,39.6000
2822.0000,17.7200,39.5700
2823.0000,17.7900,39.6000
2824.0000,17.8500,39.6400
2825.0000,17.9200,39.6700
2826.0000,17.9500,39.7400
2827.0000,18.0200,39.7000
2828.0000,18.0900,39.7000
2829.0000,18.1500,39.7400
2830.0000,18.1800,39.7000
2831.0000,18.2500,39.7000
2832.0000,18.3500,39.7000
2833.0000,18.4200,39.7400
2834.0000,18.4800,39.7700
2835.0000,18.5500,39.7700
2836.0000,18.6100,39.8400
2837.0000,18.6800,39.8700
2838.0000,18.7100,39.9000
2839.0000,18.8500,39.9400
2840.0000,18.9100,39.9700
2841.0000,18.9800,40.0000
2842.0000,19.0800,40.0700
2843.0000,19.1800,40.1300
2844.0000,19.2400,40.2300
2845.0000,19.3400,40.3000
2846.0000,19.4100,40.3000
2847.0000,19.5100,40.2300
2848.0000,19.4700,40.2300
2849.0000,19.6400,40.1300
2850.0000,19.7700,40.1000
2851.0000,19.8400,40.1000
2852.0000,19.9000,40.1300
2853.0000,20.0000,40.1700
